はず	đáng lẽ; dự kiến là; chắc hẳn
のに	mặc dù; dù vậy mà
足元	dưới chân; chỗ đặt chân; bước chân
二つ	hai cái
見える	nhìn thấy được; hiện ra trong tầm mắt
前	phía trước; trước đó; sớm hơn
読める	có thể đọc; đọc được; chữ rõ dễ đọc
文字	chữ cái; ký tự; chữ viết
スマート	thanh lịch; hợp thời trang; thon thả
フォン	đơn vị đo độ to của âm thanh
地図	bản đồ; tập bản đồ; sơ đồ
白い	trắng; trắng trống; chưa có chữ hay dấu
英語	tiếng Anh
かしげる	nghiêng; nghiêng đầu
すみません	xin lỗi; làm phiền một chút
とたん	ngay lúc; vừa mới; ngay khi
押す	đẩy; ấn; xô
止まる	dừng lại; ngừng hoạt động
話せる	có thể nói; nói chuyện được; biết lắng nghe
大丈夫	không sao; ổn; an toàn
理由	lý do; căn cứ; cớ
剣	kiếm; lưỡi kiếm; lưỡi lê
使える	dùng được; có ích; sử dụng được
する	làm; thực hiện
遅い	chậm; muộn; quá trễ
けれど	nhưng; tuy nhiên; mặc dù
その	đó; ấy; phần đó
同じ	giống nhau; như nhau; bằng nhau
受付	quầy tiếp nhận; lễ tân; người tiếp nhận
並ぶ	xếp hàng; đứng thành hàng; sánh ngang
用意	chuẩn bị; sắp xếp; sự chuẩn bị
彼女	cô ấy; bạn gái
係	người phụ trách; nhiệm vụ; chức trách
らしい	có vẻ; dường như; mang đặc trưng của
それ	cái đó; điều đó; lúc đó
話	chuyện; lời nói; cuộc trò chuyện
まで	đến; cho đến; tới mức
そう	có vẻ; trông như; dường như
二	hai; số hai
少し	một chút; một ít; vài
だけ	chỉ; chỉ có; đơn thuần
息	hơi thở; sự hô hấp; sự hòa hợp
場所	nơi; địa điểm; chỗ
数字	chữ số; con số
眉	lông mày
上げる	nâng lên; giơ lên; đặt lên cao
国	đất nước; quốc gia; vùng
まだ	vẫn; còn; chưa
赤ちゃん	em bé; trẻ sơ sinh
日本	Nhật Bản
海	biển; đại dương
という	gọi là; có tên là; rằng
ぬ	không; dạng phủ định cổ
彼	anh ấy; bạn trai
そのまま	giữ nguyên; như thế; giống hệt
試験	kỳ thi; kiểm tra; thử nghiệm
こちら	phía này; bên này; ở đây
全部	tất cả; toàn bộ
ゆっくり	chậm rãi; thong thả; không vội
できる	có thể làm; làm được; được phép
くださる	cho; ban cho (kính ngữ)
しか	chỉ; ngoài ra không; không hơn
ここ	ở đây; chỗ này; lúc này
みんな	mọi người; tất cả
答える	trả lời; đáp lại
残酷	tàn nhẫn; độc ác; không thương xót
正しい	đúng; chính xác; chính đáng
兵士	binh sĩ; người lính
職人	thợ thủ công; người thợ lành nghề
相談	bàn bạc; thảo luận; xin lời khuyên
半日	nửa ngày
戦う	chiến đấu; đánh nhau; tiến hành chiến tranh
下りる	đi xuống; xuống núi; hạ xuống
週	tuần
一	một; số một; tốt nhất
度	độ; lần (từ đếm); độ của kính
祭り	lễ hội; ngày hội
温かい	ấm; ấm áp
お茶	trà; giờ nghỉ uống trà
さん	cách gọi lịch sự sau tên người: anh, chị, ông, bà
説明	giải thích; trình bày; mô tả
五	năm; số năm
枚	từ đếm vật mỏng, phẳng như tờ giấy, đĩa, đồng xu
から	từ; kể từ; bắt đầu từ
異	khác biệt; kỳ lạ; bất thường
初めて	lần đầu tiên; chỉ sau khi; mãi đến khi mới
数	vài; một số
階	tầng; tầng lầu
借りる	mượn; thuê
遠い	xa; xa xôi
それでも	dù vậy; thế nhưng; ngay cả như thế
階下	tầng dưới; dưới cầu thang
会議	cuộc họp; hội nghị; phiên họp
丸	hình tròn; toàn bộ; đầy đủ
ので	vì; bởi vì; cho nên
先	đầu; mũi; phía trước; trước tiên
連絡	liên lạc; liên hệ; thông báo
落とす	làm rơi; đánh mất; để rơi xuống; chiếu sáng
ながら	trong khi; vừa làm vừa
買い物	mua sắm; đồ mua được
仕事場	nơi làm việc|công trường|khu vực làm việc
案内	hướng dẫn; dẫn đường; đưa đi tham quan
明るい	sáng; sáng sủa; được chiếu sáng tốt
うち	nhà mình; gia đình mình; trong khoảng
命令	mệnh lệnh; lệnh; chỉ thị
として	với tư cách là; với vai trò là; xét từ góc độ
くれる	cho mình; cho người thuộc phía mình
自分	bản thân; chính mình
意見	ý kiến; quan điểm; nhận xét
上	trên; phía trên; lên
小さな	nhỏ; bé; tí hon
灯り	ánh sáng; đèn
強い	mạnh; có năng lực; lấn át
指	ngón tay; ngón chân
何	cái gì; điều gì
多い	nhiều; đông; số lượng lớn
毎朝	mỗi sáng; hằng sáng
でも	nhưng; tuy nhiên; dù vậy
とき	thời gian; lúc; thời điểm
怖がる	sợ; sợ hãi; cảm thấy sợ
すぎる	đi qua; vượt qua; quá mức
急ぐ	vội; vội vàng; làm nhanh hơn
いい	tốt; hay; được; đẹp
毎日	mỗi ngày; hằng ngày
挨拶	lời chào; chào hỏi
始まる	bắt đầu; khởi đầu
ノート	vở; sổ ghi chép
写し	bản sao; bản chép lại
実感	cảm nhận thực sự; cảm giác chân thực
やって来る	đến; xuất hiện; ghé đến
安心	yên tâm; an tâm; cảm giác an toàn
あの	đó; ấy; những cái đó
通知	thông báo; báo tin
受ける	nhận; tiếp nhận; bắt lấy
これ	cái này; điều này; người này
しかし	tuy nhiên; nhưng
どう	như thế nào; bằng cách nào; thế nào
安い	rẻ; giá thấp; yên bình
まま	giữ nguyên; vẫn ở trạng thái; để nguyên
路上	trên đường; ngoài phố
下	dưới; bên dưới; dưới sự chỉ dẫn
手掛かり	manh mối; đầu mối; dấu vết
時間	thời gian; giờ; khoảng thời gian; tiết học
取れる	rời ra; hết; biến mất; tẩy được
短い	ngắn; ngắn ngủi
大切	quan trọng; đáng quý; thiết yếu
消える	biến mất; mất hút; tắt
鏡	gương; kính soi
並べる	xếp thành hàng; sắp xếp; bày ra
閉める	đóng; khép lại
もう一度	một lần nữa; lại lần nữa
宿	nhà trọ; quán trọ; nơi lưu trú
それから	sau đó; rồi
頼む	nhờ; yêu cầu; xin
代わり	thay thế; người thay; vật thay
鉛筆	bút chì
軽い	nhẹ; nhẹ nhàng; không tốn sức
置く	đặt; để; để lại
電波	sóng vô tuyến; tín hiệu; sóng điện thoại
所	từ đếm địa điểm, cơ sở, văn phòng
消す	xóa; tẩy; gạch bỏ; tắt
下書き	bản nháp; bản viết nháp
ほしい	muốn có; mong muốn
足音	tiếng bước chân; dấu hiệu đang đến gần
湯	nước nóng; bồn tắm nóng; suối nước nóng
瓶	chai; lọ; bình
寒い	lạnh; nhạt nhẽo; không thú vị
布	vải; chất liệu vải
返事	trả lời; lời đáp; hồi đáp
質問	câu hỏi; thắc mắc
なぜ	tại sao; vì sao
いつ	khi nào; lúc nào; bao giờ
そういう	như thế; kiểu đó; loại như vậy
暖かい	ấm; ấm áp; ôn hòa
靴	giày; giày dép; ủng
脱ぐ	cởi; tháo giày; cởi quần áo
翌朝	sáng hôm sau
一行	đoàn người; nhóm; một dòng chữ
困る	gặp khó khăn; bối rối; khó xử
どんな	loại nào; như thế nào
長い	dài; lâu; kéo dài
文	câu; bài văn; văn bản
難しい	khó; rắc rối; phức tạp
天井	trần nhà; giá trần
額	khung tranh; số tiền; trán
落ちる	rơi; rớt; ngã xuống; lao xuống
服	quần áo; trang phục
荷物	hành lý; đồ đạc; kiện hàng
屋根	mái nhà
取る	lấy; cầm lấy; nhặt; bắt
止める	dừng; tắt; đỗ xe
今夜	tối nay; đêm nay
など	vân vân; và những thứ tương tự
少女	cô gái trẻ; thiếu nữ
妹	em gái
肩	vai
工具	dụng cụ; công cụ
袋	túi; bao; bịch
重	nặng; hộp đựng thức ăn nhiều tầng
けがす	làm bẩn; làm ô nhiễm
古い	cũ; lâu đời; cổ xưa
物	vật; đồ vật; thứ
歴史	lịch sử
寝不足	thiếu ngủ; ngủ không đủ
布団	bộ chăn đệm trải sàn kiểu Nhật; đệm ngồi thiền
板	tấm ván; tấm kim loại; tấm kính
運ぶ	mang; vận chuyển; chuyển đi
ばかり	chỉ; toàn là; không hơn
痛い	đau; đau nhức; đáng xấu hổ
腕	cánh tay; năng lực; tài năng
量	lượng; số lượng; thể tích; sức chứa
休む	nghỉ; vắng mặt; nghỉ một ngày
捨てる	vứt bỏ; bỏ đi
生きる	sống; tồn tại; kiếm sống
なくなる	qua đời; mất; không còn nữa
開ける	mở; mở gói; mở khóa
やめる	dừng; bỏ; hủy bỏ
違う	khác; khác nhau; không giống
向こう	bên kia; phía đối diện; đằng kia
一つ	một cái; một điều; chỉ một
測る	đo; cân; khảo sát; đo thời gian
壁	tường; vách ngăn; rào cản
かびる	bị mốc; lên nấm mốc
季節	mùa; thời điểm trong năm
大事	quan trọng; hệ trọng; thiết yếu
果物	trái cây; hoa quả
におい	mùi; hương; mùi hôi
吸う	hít; hít vào; hút thuốc
見せる	cho xem; trưng bày; thể hiện
ニュース	tin tức; bản tin
古道具	đồ dùng cũ; đồ cũ; đồ cổ
屋	cửa hàng; tiệm; quán
小さい	nhỏ; bé; tí hon
光る	chiếu sáng; sáng lên; lấp lánh
皆	mọi người; tất cả
始める	bắt đầu; khởi sự
誰	ai; người nào
脚	chân; chân động vật; tua của bạch tuộc
横	ngang; bên cạnh; chiều rộng
銅貨	đồng tiền bằng đồng
床	sàn nhà; sân khấu; sàn ăn dựng trên sông
傾き	độ dốc; sự nghiêng
次	tiếp theo; kế tiếp
気	tinh thần; tâm trí; cảm giác
午後	buổi chiều; sau buổi trưa
釘	đinh; đinh ghim; đinh tán
棚	kệ; giá; gờ
片付け	dọn dẹp; thu dọn; hoàn tất
十分	đủ; đầy đủ; dư dả
台	bệ; giá đỡ; đế
危ない	nguy hiểm; mạo hiểm; không an toàn
具体	cụ thể; sự thể hiện cụ thể
的	hậu tố tạo tính từ: mang tính; thuộc về
途中	giữa đường; trên đường; giữa chừng
恥ずかしい	xấu hổ; ngượng; đáng xấu hổ
じゃ	vậy thì; thế thì
驚く	ngạc nhiên; kinh ngạc; sửng sốt
疲れる	mệt; mệt mỏi; kiệt sức
夕方	chiều tối; lúc chạng vạng
早い	sớm; nhanh; mau
べし	phải; nên; cần phải
どちら	phía nào; hướng nào; ở đâu; cái nào
そんな	như thế; loại đó; kiểu như vậy
肌	da; bề mặt; thớ gỗ
窓辺	bên cửa sổ
耳	tai; thính giác; khả năng cảm âm
止む	ngừng; tạnh; chấm dứt
座る	ngồi; ngồi xuống; quỳ ngồi
しれる	được biết đến; được phát hiện; được làm rõ
頭	đầu; tóc trên đầu; đầu óc
うれしい	vui; vui mừng; hạnh phúc
昔	ngày xưa; quá khứ; thuở trước
住む	sống; cư trú; sinh sống
だから	vì vậy; cho nên; do đó
って	rằng; nói là (cách nói thân mật)
簡単	đơn giản; dễ; không phức tạp
すぐ	ngay; lập tức; ngay sau đó
じゃあ	vậy thì; thế thì
それなら	nếu như vậy; nếu thế thì
大きな	to; lớn; vĩ đại
未来	tương lai; kiếp sau; thế giới mai sau
梯子	thang; cầu thang; đi nhiều nơi liên tiếp
音	âm thanh; tiếng động; nốt nhạc
予定	kế hoạch; dự định; lịch trình
昼食	bữa trưa
眠れる	đang ngủ; ngủ được
絵本	sách tranh
飾る	trang trí; tô điểm
着る	mặc; khoác lên; nhận trách nhiệm
右	bên phải; phía phải; tay phải
毎晩	mỗi tối; hằng đêm
鐘	chuông; tiếng chuông
忘れる	quên; bỏ quên; không nhớ
怖い	đáng sợ; sợ; ghê sợ
三	ba; số ba
魚	cá
買う	mua; đánh giá cao
値段	giá; giá tiền
野菜	rau; rau củ
丁寧	lịch sự; nhã nhặn; cẩn thận
味	vị; hương vị
入れる	cho vào; đưa vào; cho vào trong
によって	tùy theo; do; bằng; bởi
おまえ	mày; cậu; anh (cách xưng hô thân mật hoặc thô)
献立	thực đơn; chương trình
喉	cổ họng; giọng hát; mép trong trang sách
中	trong; bên trong; giữa
裏口	cửa sau; lối vào hoặc lối ra phía sau
男	đàn ông; nam; người con trai
代金	giá tiền; tiền thanh toán; chi phí
高い	cao; đắt; giá cao
力	sức mạnh; sức lực; lực
つもり	ý định; dự định; mục đích; mong đợi
一緒	cùng nhau; chung; cùng loại
細い	mảnh; thon; nhỏ; mỏng
領収	nhận tiền; thu tiền
表示	hiển thị; biểu thị; thể hiện
とおり	đường phố; con đường; theo đúng
僕	tôi; tớ (thường do nam giới dùng)
謝る	xin lỗi; từ chối
おかげ	nhờ; nhờ ơn; sự giúp đỡ
喧嘩	cãi nhau; đánh nhau; cuộc tranh cãi
終わる	kết thúc; xong; hoàn tất
冷たい	lạnh khi chạm vào; lạnh buốt; lạnh nhạt
早朝	sáng sớm
名	tên; tên gọi; danh hiệu
ありがたい	biết ơn; đáng quý; đáng cảm kích
弱い	yếu; yếu ớt; mong manh
スープ	súp; canh kiểu Tây
ぞ	trợ từ cuối câu nhấn mạnh hoặc ra lệnh
あいつ	hắn; người đó; gã đó
量る	đo lượng; cân; đo thời gian
油	dầu; dầu mỡ
掃く	quét; quét dọn
向き	hướng; chiều; sự định hướng
大きい	to; lớn; vĩ đại
欲張る	tham; tham lam; muốn có thật nhiều
飲める	uống được; đáng uống
金具	phụ kiện kim loại; chi tiết lắp ráp bằng kim loại
さっき	vừa rồi; lúc nãy; mới đây
もう	đã; rồi; bây giờ; nữa
下ろす	hạ xuống; đưa xuống; bỏ xuống
追い詰める	dồn vào đường cùng; truy đuổi; ép vào góc
かわり	sự thay đổi; khác biệt; thay thế
役に立つ	có ích; hữu dụng; giúp ích
寝る	ngủ; đi ngủ; nằm trên giường
上がる	lên; đi lên; tăng lên
親指	ngón tay cái; ngón chân cái
交渉	đàm phán; thương lượng; bàn bạc
そもそも	ngay từ đầu; vốn dĩ; trước hết
きれい	đẹp; xinh; sạch sẽ
形	hình; hình dạng; dáng
両手	hai tay; cả hai cánh tay
洗う	rửa; giặt; làm sạch
英雄	anh hùng; người tài giỏi xuất chúng
絵	tranh; hình vẽ; bức họa
向かう	hướng về; đi về phía; đối diện
木	cây; gỗ
集まる	tụ họp; tập trung; tập hợp
どころか	chẳng những không; ngược lại; nói gì đến
迷い	do dự; bối rối; phân vân; nghi ngờ
もらう	nhận; được cho; chấp nhận
毛	lông; tóc; đơn vị phần nghìn
札	tiền giấy; tờ tiền; thẻ
ちょうど	đúng; vừa đúng; chính xác
行き先	đích đến; nơi sẽ đến; tương lai; triển vọng
飼い主	chủ nuôi; người nuôi thú
模様	hoa văn; họa tiết; hình trang trí
記号	ký hiệu; dấu; biểu tượng
診療	khám chữa bệnh; chẩn đoán và điều trị
忙しい	bận; bận rộn; tất bật
子猫	mèo con
受け取り	việc nhận; biên nhận
役	vai trò; nhiệm vụ; trách nhiệm
紛失	thất lạc; mất đồ
片方	một bên; phía còn lại; bên kia
持ち主	chủ sở hữu; người sở hữu
ところ	chỗ; nơi; địa điểm
出発	khởi hành; lên đường; xuất phát
盗み	trộm cắp; hành vi trộm
疑い	nghi ngờ; hoài nghi; sự không chắc chắn
老人	người già; người cao tuổi
震わせる	làm rung; làm run; khiến run rẩy
まず	trước hết; đầu tiên; trước tiên
地面	mặt đất; đất; bề mặt đất
戸	cửa; cửa kiểu Nhật; cửa chớp
妻	vợ
隣	bên cạnh; kế bên; sát cạnh
旅	chuyến đi; hành trình; du lịch
風邪	cảm; cảm lạnh; cúm
心配	lo lắng; lo âu; sự quan tâm
ほど	mức độ; chừng; khoảng
安全	an toàn; sự an toàn
優先	ưu tiên; quyền ưu tiên
指さす	chỉ; chỉ tay vào
渡る	băng qua; đi qua; trải rộng
なさる	làm (kính ngữ)
間違い	sai lầm; lỗi; nhầm lẫn
隣村	làng bên cạnh; làng lân cận
その後	sau đó; về sau
残り	phần còn lại; số còn lại; phần dư
言い返す	đáp lại; cãi lại; trả lời lại
勝ち負け	thắng thua; thắng hay bại
悪い	xấu; tệ; không tốt
目印	dấu nhận biết; mốc; dấu chỉ đường
重い	nặng; nặng nề; trĩu nặng
後で	sau; sau đó; lát nữa
昔話	chuyện xưa; truyện dân gian; truyền thuyết
親	cha mẹ; bố mẹ
見守る	trông nom; dõi theo; trông chừng
毎回	mỗi lần; lần nào cũng
助言	lời khuyên; góp ý; gợi ý
見覚え	cảm giác đã từng nhìn thấy; nhớ mặt; sự nhận ra
鍵	chìa khóa; ổ khóa; mấu chốt; manh mối
名乗る	xưng tên; giới thiệu mình; tự nhận là
新しい	mới; mới mẻ; gần đây
裏	mặt sau; mặt trái; bên khuất
配達	giao hàng; chuyển phát
入口	lối vào; cửa vào; cổng vào
小石	viên đá nhỏ; sỏi
袖	tay áo; cánh gà sân khấu; mép gập bìa sách
怒る	tức giận; nổi giận
投げる	ném; quăng; tung
厚い	dày; sâu; đậm
冬	mùa đông
雪	tuyết; tuyết rơi
客席	chỗ ngồi của khách; khán đài; ghế hành khách
喜ぶ	vui mừng; hài lòng; hân hoan
働く	làm việc; lao động
薪	củi; củi đốt; củi nhóm lửa
全員	tất cả mọi người; toàn bộ thành viên
水差し	bình đựng nước; bình rót nước; bình tưới
差し出す	đưa ra; chìa ra; trình; nộp
取っ手	tay cầm; quai; núm cửa
彫る	chạm khắc; khắc; tạc; đục
なぞる	đồ theo nét; lần theo; bắt chước; sao lại
内側	bên trong; mặt trong; phần trong
丸い	tròn; hình tròn; hình cầu
残念	đáng tiếc; tiếc nuối; thất vọng
位置	vị trí; chỗ; địa điểm
貸す	cho mượn; cho vay; cho thuê
一言	một lời; vài lời; lời nhận xét ngắn
通路	lối đi; đường đi; hành lang
持ち帰る	mang về nhà; đem về; mua mang đi
半分	một nửa
置き場	chỗ để đồ; nơi cất; kho chứa
ずつ	mỗi; từng; mỗi lần một lượng
実	quả; hạt; trái
晩	buổi tối; đêm; bữa tối
席	ghế; chỗ ngồi; chỗ họp
むやみ	bừa bãi; thiếu suy nghĩ; tùy tiện
熱い	nóng; nóng bỏng; nhiệt tình
私	tôi; bản thân tôi
杯	chén; cốc; từ đếm lượng đầy cốc, bát, thìa
匙	thìa; muỗng
呪文	thần chú; câu chú; lời phù phép
ばれる	bị lộ; bị phát hiện; bị vạch trần
泡	bọt; bong bóng; bọt xà phòng
拭く	lau; lau khô
便利	tiện lợi; tiện dụng; có ích
頁	trang; trang sách
試し	sự thử; lần thử; thử nghiệm
回	lần; lượt (từ đếm)
両	cả hai; hai bên; từ đếm toa xe
岸	bờ; bờ sông; bờ biển
広場	quảng trường; khoảng đất rộng công cộng
歌	bài hát; hát; bài thơ Nhật truyền thống
人々	mọi người; người dân; con người
片づける	dọn dẹp; sắp xếp gọn; cất đi
学園	trường học; học viện; khuôn viên trường
祭	lễ hội; ngày hội
楽しい	vui; thú vị; vui vẻ
静か	yên tĩnh; im lặng; thong thả
音楽	âm nhạc
矢印	mũi tên; ký hiệu mũi tên; hướng chú ý
ただし	tuy nhiên; nhưng; với điều kiện
店員	nhân viên cửa hàng; người bán hàng
試合	trận đấu; cuộc thi
暗い	tối; tối tăm; u ám
後	sau; sau đó
嫌い	ghét; không thích
意味	ý nghĩa; nghĩa; hàm ý
舞台	sân khấu; buổi biểu diễn; vở diễn
王子	hoàng tử
会う	gặp; gặp gỡ
劇	kịch; vở kịch
披露	trình bày; công bố; biểu diễn; giới thiệu
少年	thiếu niên; cậu bé
練習	luyện tập; thực hành; bài tập
いや	không thích; không muốn; miễn cưỡng
吹き出す	phun ra; tuôn ra; bật cười
沿い	dọc theo; ven; bên đường
ぐらい	khoảng; chừng; độ
こんなに	đến thế này; như thế này; nhiều thế này
こそ	chính; chính là; đặc biệt; quả thực
好き	thích; yêu thích; hợp sở thích
言える	có thể nói; nói được
歌う	hát; ngâm thơ; ca ngợi bằng thơ
歌詞	lời bài hát; lời ca
境目	ranh giới; đường phân chia
用	việc; nhiệm vụ; việc cần làm
取り戻す	lấy lại; giành lại; khôi phục
眠い	buồn ngủ; ngái ngủ
誇らしい	tự hào; kiêu hãnh; kiêu ngạo
広い	rộng; rộng rãi; bao la
たま	quả cầu; viên tròn; hình cầu
余白	chỗ trống; khoảng trắng; lề trang
主役	vai chính; diễn viên chính; người giữ vai trò chính
台所	bếp; nhà bếp; tình hình tài chính
翌日	ngày hôm sau
休み	nghỉ; giờ nghỉ; kỳ nghỉ
虫	côn trùng; sâu bọ; dế; bướm đêm
診察	khám bệnh; kiểm tra sức khỏe
積極	chủ động; tích cực; tiến bộ
消極	thụ động; tiêu cực; dè dặt
気づく	nhận thấy; nhận ra; ý thức được
診断	chẩn đoán; khám bệnh
場合	trường hợp; tình huống; hoàn cảnh
仲間	bạn; đồng đội; người cùng nhóm
朝食	bữa sáng
帽子	mũ; nón
寝起き	thức dậy; lúc vừa ngủ dậy
髪	tóc
寝癖	tóc rối do ngủ; thói quen trở mình khi ngủ
ありがとう	cảm ơn
午前	buổi sáng; trước buổi trưa
久しぶり	đã lâu rồi; lâu rồi mới; lâu không gặp
あなた	bạn; anh; chị (đại từ chỉ người nghe)
空気	không khí; bầu không khí; tâm trạng chung
よくなる	trở nên tốt hơn; cải thiện
やり直し	làm lại; việc làm lại
俺	tao; tôi; tớ (nam giới dùng thân mật)
暇	thời gian rảnh; lúc rảnh; nhàn rỗi
嫌	ghét; không thích; không muốn; miễn cưỡng
に対して	đối với; hướng tới; chống lại; trái với
気持ち	cảm giác; tâm trạng; tình cảm
注意	chú ý; lưu ý; cẩn thận
謎	bí ẩn; câu đố; điều khó hiểu
観察	quan sát; theo dõi; khảo sát
仕組み	cấu trúc; cơ chế; cách tổ chức
いつも	luôn; luôn luôn; lúc nào cũng
手伝う	giúp; giúp đỡ; phụ giúp
売る	bán; phản bội; bán đứng
痛める	làm đau; gây thương tích; làm tổn hại
焦る	nóng vội; sốt ruột; nôn nóng
諦める	từ bỏ; bỏ cuộc; chấp nhận không làm được
いくつ	bao nhiêu; mấy; bao nhiêu tuổi
望む	mong; muốn; hy vọng
にとって	đối với; xét từ lập trường của
大会	đại hội; hội nghị; cuộc thi lớn
速い	nhanh; mau; tốc độ cao
選手	vận động viên; tuyển thủ; thành viên đội
近隣	vùng lân cận; khu vực xung quanh; hàng xóm
車	xe; ô tô; phương tiện
異国	nước ngoài; xứ lạ
少ない	ít; số lượng nhỏ; thấp
車輪	bánh xe
かける	treo; mắc; móc; giương lên
若い	trẻ; trẻ tuổi; chưa trưởng thành
追い返す	đuổi đi; đuổi về; xua đuổi
一文字	một chữ; một ký tự
について	về; liên quan đến
深ける	về khuya; trở nên muộn
紹介	giới thiệu; sự giới thiệu; tiến cử
いくらでも	bao nhiêu cũng được; rất nhiều; vô số
言い方	cách nói; cách diễn đạt; lời lẽ
誰か	ai đó; một người nào đó
悪意	ác ý; ý đồ xấu; sự thù ghét
遠回り	đi đường vòng; đường vòng
時刻	giờ; thời điểm; thời cơ
欄	cột; mục; phần trên trang
書き直す	viết lại; chép lại bản sạch; sửa lại
掲示板	bảng thông báo; bảng tin
角	góc; góc phố; hình vuông; khối lập phương
直後	ngay sau; ngay sau đó
水車	guồng nước; bánh xe nước; tua bin nước
拾う	nhặt; nhặt lên; tìm thấy rồi nhặt
町長	thị trưởng thị trấn
ひび	vết nứt; rạn nứt; khe nứt
美しい	đẹp; xinh đẹp; đáng yêu
汚れ	bụi bẩn; vết bẩn; vết ố
事実	sự thật; thực tế; sự việc có thật
毎月	mỗi tháng; hằng tháng
泥	bùn; đất ướt
工事	thi công; công trình xây dựng
役人	quan chức; viên chức nhà nước
人手	nhân lực; người giúp việc; người hỗ trợ
住民	cư dân; người dân; dân cư
赤い	đỏ; đỏ thẫm; đỏ son
筆	bút lông; cọ vẽ; bút
政治	chính trị; hoạt động quản lý nhà nước
洗い物	đồ cần rửa; bát đĩa bẩn; đồ cần giặt
復旧	khôi phục; phục hồi; sửa lại như cũ
営業	kinh doanh; hoạt động kinh doanh; buôn bán
蓋	nắp; vung; vật đậy
集める	thu thập; tập hợp; gom lại
否定	phủ nhận; bác bỏ; phủ định
ころ	khoảng lúc; vào khoảng; gần
使い方	cách dùng; cách sử dụng
申し出る	đề nghị; đưa ra đề xuất; xung phong
具合	tình trạng; trạng thái; sức khỏe
狭い	hẹp; chật; nhỏ
口	miệng; lỗ; chỗ mở; khe
夕食	bữa tối
ごと	mỗi; từng
役所	cơ quan nhà nước; công sở
手元	trong tay; ngay bên cạnh; trong tầm với
駅	nhà ga; ga tàu; trạm dừng thời xưa
図	hình vẽ; sơ đồ; biểu đồ
銀貨	đồng tiền bạc
土産	quà lưu niệm; đặc sản mua làm quà; quà mang đến
市場	thị trường; chợ; sàn giao dịch
旅人	người lữ hành; người đi đường; khách du lịch
商人	thương nhân; người buôn bán
品物	món hàng; đồ vật; hàng hóa
郵便	bưu điện; dịch vụ bưu chính; thư từ
汗	mồ hôi; hơi ẩm; nước ngưng tụ
包み	gói; bọc; kiện hàng
色	màu; màu sắc; sắc độ
店主	chủ cửa hàng; chủ tiệm
代	giá; phí; chi phí
儲け	lợi nhuận; tiền kiếm được; vận may
店番	trông cửa hàng; người bán hàng
盗難	trộm cắp; vụ trộm; cướp
問題	câu hỏi; vấn đề; bài toán
偽物	đồ giả; hàng giả; vật làm giả
本物	đồ thật; hàng thật; thứ đích thực
番号	số; số hiệu; dãy số
こういう	như thế này; kiểu này; loại này
決めつける	kết luận một chiều; quy chụp; mắng
二枚目	tờ thứ hai; người đàn ông đẹp trai; vai nam trong cảnh tình cảm
角度	góc; góc độ
最悪	tệ nhất; tồi tệ nhất; kinh khủng
庭	vườn; sân; sân trong
僕ら	chúng tôi; bọn tớ
教師	giáo viên; người dạy
土	đất; đất trồng; thứ Bảy (viết tắt)
苗	cây con; cây giống; mạ
根	rễ; chân răng; chân tóc; phần gốc
鳥	chim; thịt gia cầm; gà
聞こえる	nghe thấy; có thể nghe được
旗	cờ; lá cờ
空間	không gian; khoảng trống; vùng trời
詩	thơ; bài thơ
式	kiểu; cách; phương pháp; nghi thức
校舎	tòa nhà trường học; khu nhà học
花	hoa; bông hoa; cánh hoa
草	cỏ; cỏ dại; thảo mộc
近く	gần; vùng lân cận; quanh đây
正しく	đúng cách; chính xác; chắc chắn; quả thực
小学生	học sinh tiểu học
手つき	cách dùng tay; động tác tay
確保	đảm bảo; giành được; giữ chắc
帰り道	đường về; đường về nhà; chuyến về
次に	tiếp theo; rồi; sau đó
氷	đá; nước đá; đá bào
遠ざける	để xa; giữ khoảng cách; tránh xa
枝	cành; nhánh cây
まっすぐ	thẳng; thẳng về phía trước; đứng thẳng
がる	tỏ ra; biểu lộ cảm giác; có vẻ muốn
紐	dây; sợi dây; dây dắt
押さえる	giữ chặt; đè xuống; giữ cố định
茶	trà; cây chè; pha trà
眠気	cơn buồn ngủ; sự buồn ngủ
祈り	lời cầu nguyện; sự cầu nguyện
働かせる	bắt làm việc; cho làm việc; vận dụng
ケーキ	bánh ngọt; bánh kem
学習	học; học tập; nghiên cứu
彼ら	họ; bọn họ
遊ぶ	chơi; vui chơi; tận hưởng
屋内	trong nhà
無事	an toàn; bình an; yên ổn
台風	bão; bão nhiệt đới
こんな	loại này; như thế này; kiểu như vậy
塔	tháp; ngọn tháp
夜明け	bình minh; lúc trời sáng
墨	mực tàu; mực viết; thỏi mực
真っ黒	đen kịt; đen nhánh; đen hoàn toàn
うん	ừ; vâng; đúng vậy (thân mật)
胃	dạ dày; bao tử
後ろ	phía sau; đằng sau; phần sau
鼻	mũi
火花	tia lửa
バーゲン	đợt bán giảm giá; món hàng giá hời
セール	đợt giảm giá; bán khuyến mại
看板	biển hiệu; bảng hiệu; bảng quảng cáo
百	một trăm; số một trăm
網	lưới; mạng lưới
店内	bên trong cửa hàng; trong quán
流れ	dòng chảy; luồng; dòng
以上	từ mức đó trở lên; không dưới; hơn
十	mười; số mười; mười tuổi
包装	đóng gói; bao gói
深い	sâu; dày đặc; rậm; nặng
元気	khỏe; khỏe mạnh; đầy sức sống; hăng hái
尾	đuôi; phần đuôi; phần cuối
食べ物	thức ăn; đồ ăn
文章	bài viết; văn; bài văn; bài báo
胸	ngực; lòng; tâm tư
を通して	thông qua; xuyên suốt; qua
同士	cùng nhóm; với nhau; đồng đội
会計	kế toán; tài chính; tính tiền; thanh toán
仕方	cách; phương pháp; phương tiện
容器	đồ chứa; vật đựng; bao bì
柔らかい	mềm; mềm mại; dẻo; linh hoạt
飲み物	đồ uống; thức uống
奥	phía trong; sâu bên trong; phía sau
積み重なる	chồng lên; tích lại; tích lũy
待たす	bắt chờ; để ai đó chờ
北	phía bắc; miền bắc
行ける	có thể đi; được; ngon; phù hợp
武器	vũ khí
交易	giao thương; buôn bán
乗り合い	đi chung xe; hành khách đi cùng; hợp tác chung
冊	quyển; cuốn (từ đếm sách)
表紙	bìa sách; bìa tạp chí; xuất hiện trên trang bìa
非常	khẩn cấp; bất thường; cực kỳ
鞄	túi; cặp; cặp tài liệu
遅らせる	làm chậm; trì hoãn; hoãn lại
降る	rơi; mưa rơi; tuyết rơi; xuất hiện sương giá
小屋	chòi; lều; nhà kho nhỏ; chuồng
次々	liên tiếp; lần lượt; nối tiếp nhau
祖母	bà; bà nội hoặc bà ngoại
きれる	đứt; gãy; bị cắt; tách ra
波	sóng; làn sóng; gợn sóng
見方	cách nhìn; quan điểm; góc nhìn
近い	gần; ở gần; khoảng cách ngắn
着く	đến; tới nơi; ngồi vào
封筒	phong bì
雨雲	mây mưa
晴れる	trời quang; nắng lên; hết mưa; tan đi
兄さん	anh trai; anh lớn; cách gọi thân mật một người nam
真ん中	chính giữa; trung tâm; điểm giữa
そこ	ở đó; chỗ đó
中止	dừng; đình chỉ; hủy bỏ; ngừng lại
説教	bài giảng đạo; thuyết giáo; lời răn dạy
人数	số người; số lượng người
成果	thành quả; kết quả; sản phẩm
もしか	nếu; nếu như; trong trường hợp
留守	vắng nhà; không có ở nhà; trông nhà
持ち込み	mang theo vào; tự mang đồ đến; hành lý mang lên
笛	sáo; còi; ống sáo
毎週	mỗi tuần; hằng tuần
両方	cả hai; hai bên
発熱	phát nhiệt; tỏa nhiệt; bị sốt
助手	trợ lý; người giúp; trợ giảng
寝息	tiếng thở khi ngủ
こうして	như vậy; bằng cách này
側	bên; phía; bộ phận; vỏ đồng hồ
時計	đồng hồ; đồng hồ đeo tay
ため息	tiếng thở dài; thở dài
瞬間	khoảnh khắc; chớp mắt; tức thì
送る	gửi; chuyển đi; truyền đi
仕掛け	thiết bị; cơ cấu; cơ chế; dụng cụ
裏面	mặt sau; mặt trái; mặt bên trong
調べる	kiểm tra; tra cứu; điều tra; xem xét
別々	riêng; riêng biệt; khác nhau
身元	thân phận; danh tính; lai lịch; nguồn gốc
住所	địa chỉ; nơi cư trú
知らせる	báo; thông báo; cho biết
低い	thấp; chất lượng thấp; sát mặt đất
勉強	học; học tập; chăm chỉ; nỗ lực
部品	linh kiện; bộ phận; phụ kiện
ならば	nếu; nếu như; nếu đúng là
引き継ぐ	tiếp quản; kế thừa; tiếp nối
書	sách; tài liệu; thư pháp; chữ viết
行	dòng; đoạn; đoạn văn
書き分ける	viết phân biệt; dùng cách viết khác nhau; vẽ sao cho phân biệt được
一番	số một; thứ nhất; đứng đầu; nhất
再現	tái hiện; xuất hiện lại; tái tạo
水位	mực nước
やる	làm; thực hiện; đảm nhận; chơi
植える	trồng; gieo trồng; nuôi trồng
寂しい	cô đơn; hiu quạnh; buồn vắng
署名	chữ ký; ký tên
どこ	ở đâu; chỗ nào; tới mức nào
目標	mục tiêu; đích; mục đích
計測	đo; đo lường
受け継ぐ	kế thừa; tiếp nhận; tiếp nối
過去	quá khứ; ngày đã qua; chuyện trước kia
上流	thượng lưu; phía trên dòng sông
下流	hạ lưu; phía dưới dòng sông; tầng lớp thấp
境界	ranh giới; biên giới; giới hạn
室	phòng; vợ người có địa vị cao; vỏ kiếm
熱中	say mê; mải mê; đắm mình vào
さえ	ngay cả; chỉ cần; miễn là
手順	trình tự; quy trình; các bước thực hiện
議題	chủ đề thảo luận; đề mục cuộc họp
管	ống; ống dẫn; nhạc cụ hơi
接続	kết nối; nối; ghép
砂	cát; sạn; sỏi mịn
塩	muối; muối ăn
つ	từ đếm chung cho đồ vật; tuổi
見学	tham quan; học bằng quan sát; chuyến đi thực tế
願い	mong muốn; điều ước; hy vọng
問い	câu hỏi; điều thắc mắc
他	khác; người khác; những điều khác
はみ出す	thò ra; nhô ra; vượt ra ngoài
新聞	báo; tờ báo
展示	trưng bày; triển lãm
塗る	sơn; phết; bôi; trát
隅	góc; xó; chỗ khuất
暮らし	cuộc sống; lối sống; sinh hoạt; hoàn cảnh sống
最中	đang; giữa lúc; trong lúc cao điểm
させる	bắt làm; khiến làm; cho phép làm
腹	bụng; vùng bụng; dạ dày
出力	đầu ra; công suất đầu ra; tín hiệu xuất ra
順路	lộ trình; tuyến đường quy định; đường tham quan
つつ	trong khi; vừa; mặc dù
どれ	cái nào; nào; xem nào
豆	đậu; hạt đậu; đậu Hà Lan
窯	lò; lò nung; lò đốt
卵	trứng; trứng cá
絶対	tuyệt đối; chắc chắn; vô điều kiện
か月	tháng (từ đếm khoảng thời gian)
こめる	nạp; đưa vào; đặt tâm tình hoặc công sức vào
焦がす	làm cháy; đốt sém; làm khét
勇敢	dũng cảm; can đảm; anh dũng
宝物	báu vật; kho báu; vật quý giá
さようなら	tạm biệt; chào từ biệt
どっち	phía nào; hướng nào; đâu; cái nào
歩	bước; bước chân; từ đếm bước
件	việc; vụ; trường hợp; mục
送信	gửi; truyền tin; truyền tín hiệu
ただいま	con về rồi; tôi về rồi
もらえる	có thể nhận; được nhận
週間	tuần; khoảng thời gian tính bằng tuần
点く	sáng lên; được thắp sáng; bắt lửa
こする	chà; cọ; xát; cạo
おはよう	chào buổi sáng
青年	thanh niên; người đàn ông trẻ
